Nome Feed,Descrizione,Data Creazione,Handle Creator,Follower Creator,Like Totali,Giorni Vita
🐾 Hot,"Furry
Hottest posts by furries across Bluesky. Contains a mix of SFW and NSFW content.

Join the furry feeds by following @furryli.st",2026-01-10 13:29:59.138,furryli.st,67376,5618,6
🐾 New,"Furry
Posts by furries across Bluesky. Contains a mix of SFW and NSFW content.

Join the furry feeds by following @furryli.st",2026-01-10 13:29:56.532,furryli.st,67368,4317,6
🐾 Art,"Furry
Posts by furries with #furryart. Contains a mix of SFW and NSFW content.

Join the furry feeds by following @furryli.st",2026-01-10 13:29:59.229,furryli.st,67370,3675,6
🐾 Art 🧼,"Furry
Posts by furries with #furryart and that haven't been marked NSFW.

Join the furry feeds by following @furryli.st",2026-01-10 13:29:57.333,furryli.st,67372,2671,6
🐾 Hot 🌙,"Furry
Hottest NSFW posts by furries across Bluesky. Contains only NSFW content.

Join the furry feeds by following @furryli.st",2026-01-10 13:29:57.034,furryli.st,67373,1743,6
Cakrawala Indonesia,"Cakrawala menampilkan kiriman dalam klaster bahasa Indonesia. Sertakan #nofeed atau #private agar tidak muncul di feed. Bagi pengguna baru, gunakan paket pemula ini utk memulai: https://bsky.app/profile/oops.wtf/post/3lnij6os77k2p

Mini Ckrwla ✨: https://bsky.app/profile/oops.wtf/feed/aaapzoy7ws34k",2026-01-10 07:45:28.431,oops.wtf,635,1403,6
🐾 Fursuits,"Furry
Posts by furries with #fursuit.

Join the furry feeds by following @furryli.st",2026-01-10 13:30:00.729,furryli.st,67374,1248,6
🐾 #CommsOpen,"Furry
Posts by furries that have #commsopen.

Join the furry feeds by following @furryli.st",2026-01-10 13:29:56.831,furryli.st,67373,1051,6
🐾 Art 🌙,"Furry
Posts by furries with #furryart and marked NSFW.

Join the furry feeds by following @furryli.st",2026-01-10 13:29:47.229,furryli.st,67370,998,6
Arte 🇧🇷,"Pra encontrar artistas brasileiros! 💕 Inputs são das ultimas 24h.
Use #BRart pra aparecer no feed. 🎨✨  
Use #AddBRart ou peça para entrar na lista do feed e ter todas as suas mídias postadas nele automaticamente. O processo é manual.
⚠️ Use avisos de conteúdo sensível ou explícito quando necessário!",2026-01-13 05:29:42.134,lattecos.bsky.social,1756,995,3
🐾 New 🌙,"Furry
Posts by furries that have been marked NSFW.

Join the furry feeds by following @furryli.st",2026-01-10 13:29:52.138,furryli.st,67374,979,6
 twstファン,"Twst Fandom Feed: Fanart, Cosplay, Events, Dolls, Handmade Items (including themed food!), Merch (Official & Fan). 

ツイステ Twisted Wonderland ツイステッドワンダーランド",2026-01-14 08:57:13.033,hillingsama.bsky.social,1579,948,2
Indie Devs & Games,"Pure #IndieDev #IndieGame #SoloGameDev feed. Semi curated, no RT or replies.
 
No AI, cryptobroscamwhatever!

Love #IndieGames",2026-01-14 13:58:18.832,patrickhenschel.de,1097,890,2
Premier League Football,Updated EPL Feed with 400+ Keywords across all 20 clubs.,2026-01-14 16:28:09.440,852dude.bsky.social,6011,845,1
Signal Boost,"Feed for anything that needs an extra signal boost or that you want to get in front of more people.

Anyone can use #SignalBoost on any post to show up here",2026-01-07 00:31:36.231,sweetbee.vip,28641,843,9
🐾 Murrsuits 🌙,"Furry
Posts by furries that have an image and #murrsuit or #fursuit.

Join the furry feeds by following @furryli.st",2026-01-10 13:29:53.329,furryli.st,67375,710,6
Yuri WLW Lesbian Art ⚢,"ⓘ Settings - Languages - Uncheck ""Content Languages"" to access all the art",2026-01-11 17:37:12.234,femslash.bsky.social,193,489,4
GayPublicSex,"Use hashtags: gaycruising,gaypublicsex,gayexhibition,gayexhibitionist,publicgay,understall,gaypublicsex",2026-01-07 17:23:50.303,empire.dog,2085,488,8
🐾 Streamers,"Furry
Find furs going live on streaming platforms. Use #goinglive or #furrylive to include a post in the feed.

Join the furry feeds by following @furryli.st",2026-01-10 13:29:56.060,furryli.st,67376,430,6
🐾 Hot Art,"Furry
Hottest posts by furries with #furryart. Contains a mix of SFW and NSFW content.

Join the furry feeds by following @furryli.st",2026-01-10 13:29:56.729,furryli.st,67373,428,6
🐾 Hot videos 🌙,"Furry
Hottest NSFW video posts by furries across Bluesky. Contains only NSFW content.

Join the furry feeds by following @furryli.st",2026-01-10 13:30:01.830,furryli.st,67374,415,6
JP+Illust+Hot:人気イラスト,"日本語(日本人)の人気のイラスト・漫画・絵
Japanese illust",2026-01-14 11:29:08.132,hi0a.com,845,404,2
Political Humor,"This is space for creative political comedy, satire, hot-takes. Have fun, be creative. Use hashtags #politicalsatire #politicalcomedy to post here.",2026-01-14 14:26:44.032,nekkoashi222.bsky.social,303,401,2
有料記事がプレゼントされました,"朝日新聞の有料記事プレゼントがシェアされているpostを拾います。

※このfeedが有用なものになっているのは全てはプレゼント機能で記事をシェアしてくださる方々のおかげです。どうもありがとうございます。",2026-01-11 08:35:09.531,talia0v0.bsky.social,174,398,5
woso! NWSL & USWNT (all),"US-centered women's soccer feed. Find your woso community! 

Use city + name (eg Houston Dash) or name + FC as appropriate (eg Thorns FC) and *not* just the Wave or Spirit or Louisville. Also most common hashes eg #kcbaby, #vamoswave. Also USWNT, USWYNT, etc. Case insensitive.",2026-01-13 14:50:10.135,warriorrabbit.bsky.social,4201,397,3
🐾 Fursuits 🧼,"Furry
Posts by furries with #fursuit that haven't been marked NSFW.

Join the furry feeds by following @furryli.st",2026-01-10 13:29:56.631,furryli.st,67368,369,6
🐾 Games,"Furry
A feed for talking about and showing off furry visual novels and games. Use #FurryVN or #FurryGame to include a post in the feed. 

Sponsored by @MinoHotel.bsky.social

Join the furry feeds by following @furryli.st",2026-01-10 13:29:52.130,furryli.st,67370,348,6
JP+Image+CatDog:動物・犬猫,"日本語(日本人)の犬猫兎鳥ペット動物画像
 (Japanese Language Animals Cat&Dog)
幅広く収集",2026-01-12 15:43:53.233,hi0a.com,845,289,3
StatsSky,"Discussions about statistical analysis

Add #statsky or #statsmeme to your post to appear on this feed.

Rules: No bigotry. No personal insults. Posts must be about statistics. Posts cannot have more than 8  hashtags.

Note: There is a delay of up to 5 minutes before a post appears on the feed.",2026-01-13 23:15:24.839,steveharoz.com,6131,285,2
🐾 Hot Art 🌙,"Furry
Hottest posts by furries with #furryart and marked NSFW.

Join the furry feeds by following @furryli.st",2026-01-10 13:29:49.729,furryli.st,67377,263,6
『作品』の話,"『二重カギカッコ』は、小説や映画などのタイトルを表記するときによく使われます。 『 のついた投稿を拾っています。案外みんな作品の話をしている。
※フィードの解説文
https://sizu.me/ffi/posts/d3kh0rn0csrs",2026-01-12 02:31:52.332,ffi.bsky.social,382,233,4
🐾 #FurSale,"Furry
Buy and sell furry merch on the FurSale feed. Use #fursale or #merch to include a post in the feed.

Join the furry feeds by following @furryli.st",2026-01-10 13:29:59.034,furryli.st,67376,229,6
#skybusty,"Aggregate of posts using big boob search terms, sorted by popularity.

Add 🦋🍒 or #skybusty to add yourself to the feed. 

Some included search terms:
 #bigboobs #bigtits #mommymilkers #hugeboobs",2026-01-13 19:53:28.133,missmeringue.love,15034,223,2
#SocialistCircle,A feed for socialists & lefties on Bluesky,2026-01-13 23:01:14.635,andmarwood.bsky.social,6094,215,2
The Owl House,"Posts related to THE OWL HOUSE.

- Looks for related words or hashtags (mainly ""owl house"" and ""#toh"" + ships) and adds a selection of reposts by @hoot-toh.bsky.social
- NSFW might slip in. Check your Moderation settings.
- Disable your language filter to see all content.",2026-01-10 22:17:16.835,fenarinarsa.com,3838,211,5
(DEPRECATED) Pixelart👾,This feed is deprecated. Use this one instead. https://bsky.app/profile/did:plc:q4aslxnokahiw2c7jtrcqeyy/feed/aaacit5jkrvb2,2026-01-14 02:35:15.331,gors.bsky.social,4278,200,2
ぬいぐるみ部,「ぬいぐるみ」「ぬい撮り」という単語がテキストまたはaltテキストに入った画像付きPostを拾います🧸,2026-01-13 14:41:43.729,ccnts21.bsky.social,121,197,3
FNAF Feed,"Official unofficial FNAF Feed
Every content that relates to Five Nights at Freddy's possible
As safe as possible

For issues, feedbacks, and reports, message to @nightguardpal.bsky.social

PLEASE TAG YOUR POSTS!",2026-01-08 16:36:37.538,nightguardpal.bsky.social,48,193,7
🐾 Hot videos,"Furry
Hottest video posts by furries across Bluesky. Contains a mix of SFW and NSFW content.

Join the furry feeds by following @furryli.st",2026-01-10 13:30:01.030,furryli.st,67376,193,6
FGC Popular,"Collects the hottest to keep you up-to-date with the ️Fighting Game Community 🕹. A mix of curated content and fighting games buzz, it's regularly improved to stay on point. Street Fighter, Tekken, King of Fighters, Guilty Gear, 2XKO, Marvel: Tokon Fighting Souls, and more!

Updated 2026/01/14",2026-01-14 18:01:33.140,craptastrophe.bsky.social,2021,183,1
Early Modern,"For all things early modern #earlymodern #reformazing #nuntastic #monkabulous history, literature and more.",2026-01-13 22:45:48.835,janmachielsen.bsky.social,4945,181,2
Live Football Chat,"Posts about live football/soccer matches, aiming to help foster a community of football/soccer-watchers on bluesky.",2026-01-11 21:29:40.836,markposts.bsky.social,4366,176,4
Pokemon GO,"Pokémon GO comes to Bluesky!
If your Pokémon GO related post isn't showing up please reach out to @coderjesus.com
Spammers, NSFW, and Ads = block.
Currently working on fixing the feed, pls hold tight",2026-01-11 16:00:33.231,coderjesus.com,38,166,4
Hellaverse,"HAZBIN HOTEL and HELLUVA BOSS related content
ハズビンホテルとヘルヴァボスについての投稿

Other feeds to check!
Hellaverse (Best of)
Hellaverse (Random)

Looks for hashtags, pairings... / Adds selected content from @moxxie-imp.bsky.social / 🔞 included (with CW) / Disable your language filter to see all content!",2026-01-09 16:27:06.551,fenarinarsa.com,3838,163,6
(Defasado) Pixelart BR,Este feed está defasado. Use este no lugar. https://bsky.app/profile/did:plc:q4aslxnokahiw2c7jtrcqeyy/feed/aaacjdvv4nqaw,2026-01-14 02:34:40.032,gors.bsky.social,4278,159,2
勝デ,"勝デ(勝デ、💥🥦、勝ﾃﾞ、かつでく、かちゅで、KTDK、ktdk、カチデ)のみ
逆、別カプは含みません(新種を見かけたらミュートしていきます)
リプは含みません(長い作品は1ポスト目にカプ名を入れてくださいますと反映されます)",2026-01-13 14:05:38.837,ayumeshi.bsky.social,58,158,3
HELLUVA BOSS,"Custom feed for HelluvaBoss fans! Stuff included are Helluva Boss, Blitzo, Fizzarolli, Robo Fizz/RoboFizz, HelluvaBossOC, ImpSona, Beelzebub, Chazwick Thurman, Stolitz and Stolas",2026-01-07 10:32:06.533,k-es-tressier.bsky.social,319,156,9
Arachnophiles,"Pictures of spiders and other arachnids. If you're afraid or don't like them, no need to let us know!",2026-01-08 09:42:24.236,blueappaloosa.bsky.social,5241,149,8
Discover Hypnosis Art,"A feed based on Viltai's megathread and MissingTexture's Hypno Artist starter pack. Ideally, it pulls hypnosis art specifically from all these lovely artists. The feed is curated by @missmilkou so If you want to be excluded or included please reach out ot me via DM <3
No Ai art",2026-01-06 18:31:39.336,missmilkou.bsky.social,2085,134,9
Critical AI & Tech,"A spectrum of academic researchers, activists, policy makers, artists, and writers with critical perspectives on AI and technology. No Xrisk posts are included. 

Managed (but not moderated) by @eryk.bsky.social. 

Reply to the pinned post here if you’d like to be added.

BlueskyFeedCreator.com",2026-01-12 01:07:45.028,eryk.bsky.social,12807,129,4
Figure Skating,"For all discussion related to the sport of figure skating. 

Simply use the ⛸️ emoji in your post and it will show up in this feed. Also pulls in posts with event hashtags!",2026-01-13 08:15:54.431,reenieonice.bsky.social,675,128,3
刀剣乱舞　公式絵師様,"刀剣乱舞の公式イラストレーター様のフィードです。

リストは以下
https://bsky.app/profile/did:plc:32lvtsygorsogim3me53ymkm/lists/3kkv6l3d7in2b


【不具合報告】
以下までお気軽にお願いします。
https://wavebox.me/wave/82exk7efx2qi6v4n/


【お知らせ】
2026/01/14　新刀剣男士実装に伴い追加しました。



刀剣乱舞
とうらぶ
絵師
イラストレーター",2026-01-14 11:57:44.128,810suzukaze.bsky.social,46,124,2
狂聡FEED,"狂聡feed
狂聡FEEDです。映画のみ原作未読、二次創作・BL・腐を嗜まない方には非推奨です。
現在捕捉する単語は
「狂聡|聡み|狂児|聡実|サトミくん|ｷｮｼﾞ|ｻﾄﾐくん|ｶｼﾗﾎｻ|カシラホサ|きょさと|キョサト|ｷｮｻﾄ|🚬🍓|狂ジ|聡ミくん|狂じ|キョジ|パフェ児」
（2026/1/10発生していた軽微な問題をできる範囲で修正、「パフェ児」を追加）",2026-01-09 23:14:10.531,wara.bsky.social,217,112,6
🐾 New videos 🌙,"Furry
Latest NSFW video posts by furries across Bluesky. Contains only NSFW content.

Join the furry feeds by following @furryli.st",2026-01-10 13:29:53.233,furryli.st,67370,111,6
Flesh and Blood TCG,"A fan-made feed for Legend Story Studios' wonderful creation Flesh and Blood TCG.

This feed is an effort to capture all the relevant search terms and hashtags that may come about. Please reach out if you have any feedback/questions!",2026-01-14 22:32:20.231,cherren.bsky.social,299,110,1
Cricket,Custom feed related to the sport cricket. posts will appear if 🏏or #cricket is used,2026-01-14 15:05:46.951,cookieduh.xyz,1372,108,1
🐾 New videos,"Furry
Latest video posts by furries across Bluesky. Contains a mix of SFW and NSFW content.

Join the furry feeds by following @furryli.st",2026-01-10 13:29:56.031,furryli.st,67368,108,6
Videojuegos,"Feed de habla hispana que incluye contenido relacionados con el mundo de los videojuegos. Puede incluir contenido sensible.

Utiliza #NoFeed para excluir tu post.",2026-01-09 15:20:41.834,fran.pw,2214,105,6
Sheith,"Feed for tracking Sheith community content from Voltron. 

Picks up any post containing the word ""sheith"" but not ""anti"" and removes content from users on the Sheith Feed Mute List. Please contact ElfGrove with problems or needed adjustments.",2026-01-08 16:21:33.739,elfgrove.bsky.social,749,104,7
🐾 Literature,"Furry
A feed for talking about and showing off furry literature. Use #FurFic, #FurLit or #FurryWriting to include a post in the feed. 

Join the furry feeds by following @furryli.st",2026-01-10 13:29:59.129,furryli.st,67376,102,6
Popular en Español,"Posts populares en las últimas horas. Similar al ""What's Hot Classic"", pero con contenido en Español.

Puede incluir contenido explícito que no esté debidamente etiquetado. Usa #NoFeed para excluir tus publicaciones.",2026-01-11 09:03:59.630,fran.pw,2214,101,5
