Nome Feed,Descrizione Feed,Data Creazione,Handle Creator,Follower Creator,Like Totali,Giorni Vita,Bio Creator
🐾 Hot,"Furry
Hottest posts by furries across Bluesky. Contains a mix of SFW and NSFW content.

Join the furry feeds by following @furryli.st",2026-01-10 13:29:59.138,furryli.st,67473,5618,18,"Find out more at https://furryli.st

Follow us to be added. If we follow you, you're on the list!

Chief Barking Officer: @codingpa.ws

Donate to us: https://ko-fi.com/furrylist
Get help and chat: https://furryli.st/discord"
🐾 New,"Furry
Posts by furries across Bluesky. Contains a mix of SFW and NSFW content.

Join the furry feeds by following @furryli.st",2026-01-10 13:29:56.532,furryli.st,67473,4317,18,"Find out more at https://furryli.st

Follow us to be added. If we follow you, you're on the list!

Chief Barking Officer: @codingpa.ws

Donate to us: https://ko-fi.com/furrylist
Get help and chat: https://furryli.st/discord"
🐾 Art,"Furry
Posts by furries with #furryart. Contains a mix of SFW and NSFW content.

Join the furry feeds by following @furryli.st",2026-01-10 13:29:59.229,furryli.st,67473,3675,18,"Find out more at https://furryli.st

Follow us to be added. If we follow you, you're on the list!

Chief Barking Officer: @codingpa.ws

Donate to us: https://ko-fi.com/furrylist
Get help and chat: https://furryli.st/discord"
🐾 Art 🧼,"Furry
Posts by furries with #furryart and that haven't been marked NSFW.

Join the furry feeds by following @furryli.st",2026-01-10 13:29:57.333,furryli.st,67473,2671,18,"Find out more at https://furryli.st

Follow us to be added. If we follow you, you're on the list!

Chief Barking Officer: @codingpa.ws

Donate to us: https://ko-fi.com/furrylist
Get help and chat: https://furryli.st/discord"
🐾 Hot 🌙,"Furry
Hottest NSFW posts by furries across Bluesky. Contains only NSFW content.

Join the furry feeds by following @furryli.st",2026-01-10 13:29:57.034,furryli.st,67473,1743,18,"Find out more at https://furryli.st

Follow us to be added. If we follow you, you're on the list!

Chief Barking Officer: @codingpa.ws

Donate to us: https://ko-fi.com/furrylist
Get help and chat: https://furryli.st/discord"
Cakrawala Indonesia,"Cakrawala menampilkan kiriman dalam klaster bahasa Indonesia. Sertakan #nofeed atau #private agar tidak muncul di feed. Bagi pengguna baru, gunakan paket pemula ini utk memulai: https://bsky.app/profile/oops.wtf/post/3lnij6os77k2p

Mini Ckrwla ✨: https://bsky.app/profile/oops.wtf/feed/aaapzoy7ws34k",2026-01-10 07:45:28.431,oops.wtf,635,1403,19,"Quiet poster~

┊ Chat: dm.oops.wtf (he/him)
┊ Bluesky 101: bsky.oops.wtf
┊ ATmosphere: linkat.blue/oops.wtf
┊ Last tune: No Sleep Till Brooklyn by Beastie Boys ~"
🐾 Fursuits,"Furry
Posts by furries with #fursuit.

Join the furry feeds by following @furryli.st",2026-01-10 13:30:00.729,furryli.st,67473,1248,18,"Find out more at https://furryli.st

Follow us to be added. If we follow you, you're on the list!

Chief Barking Officer: @codingpa.ws

Donate to us: https://ko-fi.com/furrylist
Get help and chat: https://furryli.st/discord"
🐾 #CommsOpen,"Furry
Posts by furries that have #commsopen.

Join the furry feeds by following @furryli.st",2026-01-10 13:29:56.831,furryli.st,67473,1051,18,"Find out more at https://furryli.st

Follow us to be added. If we follow you, you're on the list!

Chief Barking Officer: @codingpa.ws

Donate to us: https://ko-fi.com/furrylist
Get help and chat: https://furryli.st/discord"
🐾 Art 🌙,"Furry
Posts by furries with #furryart and marked NSFW.

Join the furry feeds by following @furryli.st",2026-01-10 13:29:47.229,furryli.st,67473,998,18,"Find out more at https://furryli.st

Follow us to be added. If we follow you, you're on the list!

Chief Barking Officer: @codingpa.ws

Donate to us: https://ko-fi.com/furrylist
Get help and chat: https://furryli.st/discord"
Arte 🇧🇷,"Pra encontrar artistas brasileiros! 💕 Inputs são das ultimas 24h.
Use #BRart pra aparecer no feed. 🎨✨  
Use #AddBRart ou peça para entrar na lista do feed e ter todas as suas mídias postadas nele automaticamente. O processo é manual.
⚠️ Use avisos de conteúdo sensível ou explícito quando necessário!",2026-01-13 05:29:42.134,lattecos.bsky.social,1758,995,16,"giovanna/latte • art acc! • design student • lesbian • ela/ele | any prns • pt-en
✦ comms: https://vgen.co/Lattecos or DM ✦ WAITLIST OPEN

[ #BRart ✦ #oc ✦ #fanart ]"
🐾 New 🌙,"Furry
Posts by furries that have been marked NSFW.

Join the furry feeds by following @furryli.st",2026-01-10 13:29:52.138,furryli.st,67473,979,18,"Find out more at https://furryli.st

Follow us to be added. If we follow you, you're on the list!

Chief Barking Officer: @codingpa.ws

Donate to us: https://ko-fi.com/furrylist
Get help and chat: https://furryli.st/discord"
 twstファン,"Twst Fandom Feed: Fanart, Cosplay, Events, Dolls, Handmade Items (including themed food!), Merch (Official & Fan). 

ツイステ Twisted Wonderland ツイステッドワンダーランド",2026-01-14 08:57:13.033,hillingsama.bsky.social,1594,948,15,"Twst ~ Tenipuri ~ チ。~ see pinned post, I create lots of Bsky feeds ☺️ Occasional cosplayer, compulsive merch collector, and so obsessed with Twst right now 30↑

Silent follow OK, will follow back ~ フォローご自由にどうぞ"
Indie Devs & Games,"Pure #IndieDev #IndieGame #SoloGameDev feed. Semi curated, no RT or replies.
 
No AI, cryptobroscamwhatever!

Love #IndieGames",2026-01-14 13:58:18.832,patrickhenschel.de,1102,890,14,"vɪlkeɪn - 🇩🇪 #Gamedev #IndieDev #Unity3d since '08 

Managing the ""Indie Devs & Games"" feed: https://tinyurl.com/IndieDevAndGames

Dev of #THUMBLEMANIA https://tinyurl.com/THUMBLEMANIA

Opinions are mine. 🏳️‍⚧️ 🌈"
Premier League Football,Updated EPL Feed with 400+ Keywords across all 20 clubs.,2026-01-14 16:28:09.440,852dude.bsky.social,6060,845,14,"Will shill for toy soldiers or samosas

Banner by Jerry.

Reskeets =/= endorsement"
🐾 Murrsuits 🌙,"Furry
Posts by furries that have an image and #murrsuit or #fursuit.

Join the furry feeds by following @furryli.st",2026-01-10 13:29:53.329,furryli.st,67473,710,18,"Find out more at https://furryli.st

Follow us to be added. If we follow you, you're on the list!

Chief Barking Officer: @codingpa.ws

Donate to us: https://ko-fi.com/furrylist
Get help and chat: https://furryli.st/discord"
Yuri WLW Lesbian Art ⚢,"ⓘ Settings - Languages - Uncheck ""Content Languages"" to access all the art",2026-01-11 17:37:12.234,femslash.bsky.social,194,489,17,"Lesbian art share 👭 | NoAI | Feel free to suggest or ping
Avatar by Inker_comics, Background by Stjepansejic"
🐾 Streamers,"Furry
Find furs going live on streaming platforms. Use #goinglive or #furrylive to include a post in the feed.

Join the furry feeds by following @furryli.st",2026-01-10 13:29:56.060,furryli.st,67473,430,18,"Find out more at https://furryli.st

Follow us to be added. If we follow you, you're on the list!

Chief Barking Officer: @codingpa.ws

Donate to us: https://ko-fi.com/furrylist
Get help and chat: https://furryli.st/discord"
🐾 Hot Art,"Furry
Hottest posts by furries with #furryart. Contains a mix of SFW and NSFW content.

Join the furry feeds by following @furryli.st",2026-01-10 13:29:56.729,furryli.st,67473,428,18,"Find out more at https://furryli.st

Follow us to be added. If we follow you, you're on the list!

Chief Barking Officer: @codingpa.ws

Donate to us: https://ko-fi.com/furrylist
Get help and chat: https://furryli.st/discord"
🐾 Hot videos 🌙,"Furry
Hottest NSFW video posts by furries across Bluesky. Contains only NSFW content.

Join the furry feeds by following @furryli.st",2026-01-10 13:30:01.830,furryli.st,67473,415,18,"Find out more at https://furryli.st

Follow us to be added. If we follow you, you're on the list!

Chief Barking Officer: @codingpa.ws

Donate to us: https://ko-fi.com/furrylist
Get help and chat: https://furryli.st/discord"
JP+Illust+Hot:人気イラスト,"日本語(日本人)の人気のイラスト・漫画・絵
Japanese illust",2026-01-14 11:29:08.132,hi0a.com,842,404,14,https://hi0a.com/ ◆ 漫画、小説、アニメ(シナリオ重視)  ◆ 猫、動物、宇宙、自然、美術 ◆ bluesky用拡張機能 @hi0a.bsky.social  ◆各種日本語フィードJP+の精度調整 ◆ 宇宙や冒険ものの作品を観たい
Political Humor,"This is space for creative political comedy, satire, hot-takes. Have fun, be creative. Use hashtags #politicalsatire #politicalcomedy to post here.",2026-01-14 14:26:44.032,nekkoashi222.bsky.social,303,401,14,"YouTube @NekoAshi-w4q
I’m gonna speak my mind, make videos with my own characters & do my thing. This is my playground. If you like, say hi! If you no like, move on I won’t miss ya! 😘"
有料記事がプレゼントされました,"朝日新聞の有料記事プレゼントがシェアされているpostを拾います。

※このfeedが有用なものになっているのは全てはプレゼント機能で記事をシェアしてくださる方々のおかげです。どうもありがとうございます。",2026-01-11 08:35:09.531,talia0v0.bsky.social,173,398,18,"フィードからいいねをします。
映画と海外ドラマのはず。読書も少し。
she/her 🍉🏳️‍🌈🏳️‍⚧️ 🩷💜💙

自己紹介 : https://bsky.app/profile/did:plc:2rrhtxuwuvnn6uri2s22gqrj/feed/19b3c5108d75a9a

アイコンはピンクの薔薇の写真🌹"
woso! NWSL & USWNT (all),"US-centered women's soccer feed. Find your woso community! 

Use city + name (eg Houston Dash) or name + FC as appropriate (eg Thorns FC) and *not* just the Wave or Spirit or Louisville. Also most common hashes eg #kcbaby, #vamoswave. Also USWNT, USWYNT, etc. Case insensitive.",2026-01-13 14:50:10.135,warriorrabbit.bsky.social,4228,397,15,"Liker of animals, bicycles, rain, TV, travel, art, soccer, puns, genealogy, and copious quiet time. @warriorrabbit everywhere. 

📍San Diego"
🐾 Fursuits 🧼,"Furry
Posts by furries with #fursuit that haven't been marked NSFW.

Join the furry feeds by following @furryli.st",2026-01-10 13:29:56.631,furryli.st,67473,369,18,"Find out more at https://furryli.st

Follow us to be added. If we follow you, you're on the list!

Chief Barking Officer: @codingpa.ws

Donate to us: https://ko-fi.com/furrylist
Get help and chat: https://furryli.st/discord"
🐾 Games,"Furry
A feed for talking about and showing off furry visual novels and games. Use #FurryVN or #FurryGame to include a post in the feed. 

Sponsored by @MinoHotel.bsky.social

Join the furry feeds by following @furryli.st",2026-01-10 13:29:52.130,furryli.st,67473,348,18,"Find out more at https://furryli.st

Follow us to be added. If we follow you, you're on the list!

Chief Barking Officer: @codingpa.ws

Donate to us: https://ko-fi.com/furrylist
Get help and chat: https://furryli.st/discord"
JP+Image+CatDog:動物・犬猫,"日本語(日本人)の犬猫兎鳥ペット動物画像
 (Japanese Language Animals Cat&Dog)
幅広く収集",2026-01-12 15:43:53.233,hi0a.com,842,289,16,https://hi0a.com/ ◆ 漫画、小説、アニメ(シナリオ重視)  ◆ 猫、動物、宇宙、自然、美術 ◆ bluesky用拡張機能 @hi0a.bsky.social  ◆各種日本語フィードJP+の精度調整 ◆ 宇宙や冒険ものの作品を観たい
StatsSky,"Discussions about statistical analysis

Add #statsky or #statsmeme to your post to appear on this feed.

Rules: No bigotry. No personal insults. Posts must be about statistics. Posts cannot have more than 8  hashtags.

Note: There is a delay of up to 5 minutes before a post appears on the feed.",2026-01-13 23:15:24.839,steveharoz.com,6138,285,15,"Visual perception and cognition scientist
(he/him)

My site: http://steveharoz.com
R guide: https://r-guide.steveharoz.com
StatCheck Simple: http://statcheck.steveharoz.com"
🐾 Hot Art 🌙,"Furry
Hottest posts by furries with #furryart and marked NSFW.

Join the furry feeds by following @furryli.st",2026-01-10 13:29:49.729,furryli.st,67473,263,18,"Find out more at https://furryli.st

Follow us to be added. If we follow you, you're on the list!

Chief Barking Officer: @codingpa.ws

Donate to us: https://ko-fi.com/furrylist
Get help and chat: https://furryli.st/discord"
『作品』の話,"『二重カギカッコ』は、小説や映画などのタイトルを表記するときによく使われます。 『 のついた投稿を拾っています。案外みんな作品の話をしている。
※フィードの解説文
https://sizu.me/ffi/posts/d3kh0rn0csrs",2026-01-12 02:31:52.332,ffi.bsky.social,381,233,17,"事務をしたり文章を書いたりして暮らしています。
甘いものとコーヒーとインターネットが好きで、映画館に行くのと本屋にいるのが好き。

タイムラインはほとんど見ていません。ときどきフィードを見ています。
ブラキャニに滞在しています。
https://sizu.me/ffi"
🐾 #FurSale,"Furry
Buy and sell furry merch on the FurSale feed. Use #fursale or #merch to include a post in the feed.

Join the furry feeds by following @furryli.st",2026-01-10 13:29:59.034,furryli.st,67473,229,18,"Find out more at https://furryli.st

Follow us to be added. If we follow you, you're on the list!

Chief Barking Officer: @codingpa.ws

Donate to us: https://ko-fi.com/furrylist
Get help and chat: https://furryli.st/discord"
#skybusty,"Aggregate of posts using big boob search terms, sorted by popularity.

Add 🦋🍒 or #skybusty to add yourself to the feed. 

Some included search terms:
 #bigboobs #bigtits #mommymilkers #hugeboobs",2026-01-13 19:53:28.133,missmeringue.love,15128,223,15,"aerospace engineer gone wild | PNW | missmeringue.love

🌶️ media only feed: https://bsky.app/profile/did:plc:2j4w2o4xmkbheromzo73r5sv/feed/aaaocqvwurr7c
join my discord server: https://discord.gg/Ugm3DMWa6Z"
#SocialistCircle,A feed for socialists & lefties on Bluesky,2026-01-13 23:01:14.635,andmarwood.bsky.social,6107,215,15,"Follow, like & join the #SocialistCircle feed
— 💚 #BackZack #VoteGreen ✅ —
#Renationalise key UK infrastructure & public services | #NoToPFI |
| #PRNow | #UBI | #CoOps |
| #MediaReform | #eXodus | #Leveson2 |
| #TaxTheRich | #WealthTax | #JoinAUnion |"
The Owl House,"Posts related to THE OWL HOUSE.

- Looks for related words or hashtags (mainly ""owl house"" and ""#toh"" + ships) and adds a selection of reposts by @hoot-toh.bsky.social
- NSFW might slip in. Check your Moderation settings.
- Disable your language filter to see all content.",2026-01-10 22:17:16.835,fenarinarsa.com,3845,211,18,"Coder decoder. Personal acc, opinions are mine.
Irodori, ex-Nolife (TV channel), Demoscene, TOH
FR/EN | he/him | 18↑
Check my Feeds tab for more good things
https://linktr.ee/fenarinarsa
#demoscene #retrocomputing #theowlhouse"
(DEPRECATED) Pixelart👾,This feed is deprecated. Use this one instead. https://bsky.app/profile/did:plc:q4aslxnokahiw2c7jtrcqeyy/feed/aaacit5jkrvb2,2026-01-14 02:35:15.331,gors.bsky.social,4276,200,15,"The local green bullet man. (he/him) (🇧🇷 PTBR|🇯🇵 JP|🇺🇸 ENG ok) No NFTs & AI. Cara: @gors | IG: @spritergors | Discord: gors. #PixelArt #Chiptune #DigitalArt #mew-crew
Comics: sites.google.com/view/mew-crew
PFP: @noodlesxl.bsky.social"
ぬいぐるみ部,「ぬいぐるみ」「ぬい撮り」という単語がテキストまたはaltテキストに入った画像付きPostを拾います🧸,2026-01-13 14:41:43.729,ccnts21.bsky.social,122,197,15,'91 | Webディレクター | ぬいぐるみたちとのくらし+雑多な趣味(声楽/手帳/お笑い/リヴリー/ポケポケ/マイクラ/かわいい雑貨/おいしいごはん)
🐾 Hot videos,"Furry
Hottest video posts by furries across Bluesky. Contains a mix of SFW and NSFW content.

Join the furry feeds by following @furryli.st",2026-01-10 13:30:01.030,furryli.st,67473,193,18,"Find out more at https://furryli.st

Follow us to be added. If we follow you, you're on the list!

Chief Barking Officer: @codingpa.ws

Donate to us: https://ko-fi.com/furrylist
Get help and chat: https://furryli.st/discord"
FGC Popular,"Collects the hottest to keep you up-to-date with the ️Fighting Game Community 🕹. A mix of curated content and fighting games buzz, it's regularly improved to stay on point. Street Fighter, Tekken, King of Fighters, Guilty Gear, 2XKO, Marvel: Tokon Fighting Souls, and more!

Updated 2026/01/14",2026-01-14 18:01:33.140,craptastrophe.bsky.social,2023,183,14,"I like fighting games but I went home to be a family man. He/him.

I made the FGC Popular feed and it's pretty good. If you like the stuff I repost, I get it from there.

Feed: https://bsky.app/profile/did:plc:gi4pu6g5itmjtbbkzdvb2mwc/feed/aaablrlu5zqwe"
Early Modern,"For all things early modern #earlymodern #reformazing #nuntastic #monkabulous history, literature and more.",2026-01-13 22:45:48.835,janmachielsen.bsky.social,4949,181,15,"Historian of early modern religion, working on witches and saints. Loves hikes and risotto."
Live Football Chat,"Posts about live football/soccer matches, aiming to help foster a community of football/soccer-watchers on bluesky.",2026-01-11 21:29:40.836,markposts.bsky.social,4370,176,17,data software engineer @ Twenty3 Sports || sport for all || (he/him) || ⚽🎾💻📰🏎️🤖
Pokemon GO,"Pokémon GO comes to Bluesky!
If your Pokémon GO related post isn't showing up please reach out to @coderjesus.com
Spammers, NSFW, and Ads = block.
Currently working on fixing the feed, pls hold tight",2026-01-11 16:00:33.231,coderjesus.com,38,166,17,"This is fine.
coderjesus.com"
Hellaverse,"HAZBIN HOTEL and HELLUVA BOSS related content
ハズビンホテルとヘルヴァボスについての投稿

Other feeds to check!
Hellaverse (Best of)
Hellaverse (Random)

Looks for hashtags, pairings... / Adds selected content from @moxxie-imp.bsky.social / 🔞 included (with CW) / Disable your language filter to see all content!",2026-01-09 16:27:06.551,fenarinarsa.com,3845,163,19,"Coder decoder. Personal acc, opinions are mine.
Irodori, ex-Nolife (TV channel), Demoscene, TOH
FR/EN | he/him | 18↑
Check my Feeds tab for more good things
https://linktr.ee/fenarinarsa
#demoscene #retrocomputing #theowlhouse"
(Defasado) Pixelart BR,Este feed está defasado. Use este no lugar. https://bsky.app/profile/did:plc:q4aslxnokahiw2c7jtrcqeyy/feed/aaacjdvv4nqaw,2026-01-14 02:34:40.032,gors.bsky.social,4276,159,15,"The local green bullet man. (he/him) (🇧🇷 PTBR|🇯🇵 JP|🇺🇸 ENG ok) No NFTs & AI. Cara: @gors | IG: @spritergors | Discord: gors. #PixelArt #Chiptune #DigitalArt #mew-crew
Comics: sites.google.com/view/mew-crew
PFP: @noodlesxl.bsky.social"
勝デ,"勝デ(勝デ、💥🥦、勝ﾃﾞ、かつでく、かちゅで、KTDK、ktdk、カチデ)のみ
逆、別カプは含みません(新種を見かけたらミュートしていきます)
リプは含みません(長い作品は1ポスト目にカプ名を入れてくださいますと反映されます)",2026-01-13 14:05:38.837,ayumeshi.bsky.social,59,158,15,"成人済(20↑)、hrakおさなな(💥🥦)推し、 kmt🔥さん推し
フィードむずかしいが、快適な環境は自ら作らなければそこにはないですね〜ってことなんだな"
Critical AI & Tech,"A spectrum of academic researchers, activists, policy makers, artists, and writers with critical perspectives on AI and technology. No Xrisk posts are included. 

Managed (but not moderated) by @eryk.bsky.social. 

Reply to the pinned post here if you’d like to be added.

BlueskyFeedCreator.com",2026-01-12 01:07:45.028,eryk.bsky.social,12828,129,17,"Situationist Cybernetics. Gates Scholar researching AI’s impacts on the Humanities, University of Cambridge. Affiliated Researcher, Machine Visual Culture Research Group (Max Planck Institute, Rome). Aim to be kind. cyberneticforests.com"
Figure Skating,"For all discussion related to the sport of figure skating. 

Simply use the ⛸️ emoji in your post and it will show up in this feed. Also pulls in posts with event hashtags!",2026-01-13 08:15:54.431,reenieonice.bsky.social,677,128,16,"ReenieOnIce/ReenieOnArt life raft.

40+🌸She/Her🌸Seattle🌸

Sometimes I post #art, but mostly I cry about my various fandoms. #Yuzuru Hanyu is the #1 best boy of my heart ❄️🐐🥇

Fanyu, #BTS, K-pop, #MDZS, XFX, MTJJ"
刀剣乱舞　公式絵師様,"刀剣乱舞の公式イラストレーター様のフィードです。

リストは以下
https://bsky.app/profile/did:plc:32lvtsygorsogim3me53ymkm/lists/3kkv6l3d7in2b


【不具合報告】
以下までお気軽にお願いします。
https://wavebox.me/wave/82exk7efx2qi6v4n/


【お知らせ】
2026/01/14　新刀剣男士実装に伴い追加しました。



刀剣乱舞
とうらぶ
絵師
イラストレーター",2026-01-14 11:57:44.128,810suzukaze.bsky.social,47,124,14,"一次創作、pkmn、とうらぶ（2.5含む）
ミズゴロウ、沖田組、sgao、刀さにが好き。
創作メイン。妄想関連垂れ流し。FRBご自由に。
刀剣乱舞公式絵師様フィード、sgaoフィード作成者。

作品の感想・誤字脱字報告、フィードについてのご要望・不具合報告でもなんでも貰えると嬉しいです。スタンプのみでもお気軽に！
・Wavebox
https://wavebox.me/wave/82exk7efx2qi6v4n/

なお、同じIDでTwitterにも生息してます。そちらは、完全に雑多アカウント。"
狂聡FEED,"狂聡feed
狂聡FEEDです。映画のみ原作未読、二次創作・BL・腐を嗜まない方には非推奨です。
現在捕捉する単語は
「狂聡|聡み|狂児|聡実|サトミくん|ｷｮｼﾞ|ｻﾄﾐくん|ｶｼﾗﾎｻ|カシラホサ|きょさと|キョサト|ｷｮｻﾄ|🚬🍓|狂ジ|聡ミくん|狂じ|キョジ|パフェ児」
（2026/1/10発生していた軽微な問題をできる範囲で修正、「パフェ児」を追加）",2026-01-09 23:14:10.531,wara.bsky.social,217,112,19,"2023/7/3〜
メシと甘いもの、たまに絵をポストするオタクアカ。好物は狂聡、カシダウ、杉リパ、CLAMP。狂聡同人誌を描く時のPNは関ゆなな。アズレンの時はわら。狂聡FEED、杉リパFeed作成＆管理人。
X→ https://x.com/warara_16　（狂聡）
pixiv→ https://www.pixiv.net/users/2479656　（ごった煮）
メシ画像多め"
🐾 New videos 🌙,"Furry
Latest NSFW video posts by furries across Bluesky. Contains only NSFW content.

Join the furry feeds by following @furryli.st",2026-01-10 13:29:53.233,furryli.st,67473,111,18,"Find out more at https://furryli.st

Follow us to be added. If we follow you, you're on the list!

Chief Barking Officer: @codingpa.ws

Donate to us: https://ko-fi.com/furrylist
Get help and chat: https://furryli.st/discord"
Flesh and Blood TCG,"A fan-made feed for Legend Story Studios' wonderful creation Flesh and Blood TCG.

This feed is an effort to capture all the relevant search terms and hashtags that may come about. Please reach out if you have any feedback/questions!",2026-01-14 22:32:20.231,cherren.bsky.social,301,110,14,"Lifelong student of many things technical and believer in the power of Dog. (Views are mine and mine alone, not my employer’s.) || he/him || FABTCG and SWCCG || Enjoyer of white-bordered cardboard rectangles."
🐾 New videos,"Furry
Latest video posts by furries across Bluesky. Contains a mix of SFW and NSFW content.

Join the furry feeds by following @furryli.st",2026-01-10 13:29:56.031,furryli.st,67473,108,18,"Find out more at https://furryli.st

Follow us to be added. If we follow you, you're on the list!

Chief Barking Officer: @codingpa.ws

Donate to us: https://ko-fi.com/furrylist
Get help and chat: https://furryli.st/discord"
Cricket,Custom feed related to the sport cricket. posts will appear if 🏏or #cricket is used,2026-01-14 15:05:46.951,cookieduh.xyz,1373,108,14,"Insurance X Emerging Tech , Test Cricket Tragic , Sometimes Singer , History Nerd . Your random internet lurker :)"
Videojuegos,"Feed de habla hispana que incluye contenido relacionados con el mundo de los videojuegos. Puede incluir contenido sensible.

Utiliza #NoFeed para excluir tu post.",2026-01-09 15:20:41.834,fran.pw,2235,105,19,"🎮 Product en @xbox.com • 🎙️Colaborador en @portalgameover.bsky.social • 🏷️ @moods.fran.pw • 🗣️ ES/EN •📍Barcelona

I'm on Germ DM 🔑
https://ger.mx/AyfpF2PhthEERALx0oSIYmG24NXC-GhRYnjA1drStuWe#did:plc:mkungml42eu7tw7ijpcfk5j3"
🐾 Literature,"Furry
A feed for talking about and showing off furry literature. Use #FurFic, #FurLit or #FurryWriting to include a post in the feed. 

Join the furry feeds by following @furryli.st",2026-01-10 13:29:59.129,furryli.st,67473,102,18,"Find out more at https://furryli.st

Follow us to be added. If we follow you, you're on the list!

Chief Barking Officer: @codingpa.ws

Donate to us: https://ko-fi.com/furrylist
Get help and chat: https://furryli.st/discord"
Popular en Español,"Posts populares en las últimas horas. Similar al ""What's Hot Classic"", pero con contenido en Español.

Puede incluir contenido explícito que no esté debidamente etiquetado. Usa #NoFeed para excluir tus publicaciones.",2026-01-11 09:03:59.630,fran.pw,2235,101,18,"🎮 Product en @xbox.com • 🎙️Colaborador en @portalgameover.bsky.social • 🏷️ @moods.fran.pw • 🗣️ ES/EN •📍Barcelona

I'm on Germ DM 🔑
https://ger.mx/AyfpF2PhthEERALx0oSIYmG24NXC-GhRYnjA1drStuWe#did:plc:mkungml42eu7tw7ijpcfk5j3"
